date,title,desc,type,link
2025-10-27 12:00:00+00:00,Solidarity Lanes: Latest figures – September 2025,Latest figures on Ukrainian exports and imports via the EU-Ukraine Solidarity Lanes: new transport routes established in the face of Russia’s war of aggression against Ukraine.,News article,/news-events/news/solidarity-lanes-latest-figures-september-2025-2025-10-27_en
2025-10-22 12:00:00+00:00,New report shows progress in sustainable aviation fuel uptake across the EU,The European Union Aviation Safety Agency (EASA) published its first annual report on the implementation of the ReFuelEU aviation regulation.,News article,/news-events/news/new-report-shows-progress-sustainable-aviation-fuel-uptake-across-eu-2025-10-22_en
2025-10-17 12:00:00+00:00,Road Safety Statistics for 2024: Progress continues amid persistent challenges  ,"In 2024, 19,940 people lost their lives in road crashes across the EU, according to latest statistics released by the European Commission today.",News article,/news-events/news/road-safety-statistics-2024-progress-continues-amid-persistent-challenges-2025-10-17_en
2025-10-16 12:00:00+00:00,Young people and transport jobs: making transport careers more attractive,"On 15 October 2025, the Commission hosted a conference on 'Young people and transport jobs: making transport careers more attractive' in Brussels.",News article,/news-events/news/young-people-and-transport-jobs-making-transport-careers-more-attractive-2025-10-16_en
2025-10-13 12:00:00+00:00,The new Entry/Exit System went live on 12 October,"On 12 October, 29 European countries started introducing Europe’s new digital border system - the Entry/Exit System (EES) at their external borders. European countries started electronically registering the data of non-EU nationals crossing their external borders for short stays.",News article,https://home-affairs.ec.europa.eu/news/new-entryexit-system-went-live-12-october-2025-10-13_en
2025-10-12 12:00:00+00:00,Statement ahead of the IMO’s Marine Environment Protection Committee (MEPC) meeting,"The EU supports ambitious global measures at IMO level with a view to decarbonise the shipping sector, and ensure a global level playing field.",News article,/news-events/news/statement-ahead-imos-marine-environment-protection-committee-mepc-meeting-2025-10-12_en
2025-10-09 12:00:00+00:00,EU and Azerbaijan deepen transport cooperation at second transport dialogue ,"On 9 October, the European Commission and the Ministry of Digital Development and Transport of Azerbaijan held the second High-Level Transport Dialogue, co-chaired by Minister Rashad Nabiyev and Director-General Magda Kopczyńska. ",News article,/news-events/news/eu-and-azerbaijan-deepen-transport-cooperation-second-transport-dialogue-2025-10-09_en
2025-10-08 12:00:00+00:00,October infringements package: key decisions,October infringements package: key decisions,News article,https://ec.europa.eu/commission/presscorner/detail/en/inf_25_2077
2025-10-07 12:00:00+00:00,New Performance Review Board appointed to drive implementation of the Single European Sky,A new Performance Review Board (PRB) has been appointed to guide the implementation of the Single European Sky initiative.,News article,/news-events/news/new-performance-review-board-appointed-drive-implementation-single-european-sky-2025-10-07_en
2025-10-03 12:00:00+00:00,EU welcomes UN aviation agency’s condemnation of Russia for undermining global aviation safety,The ICAO has formally condemned Russia for repeatedly interfering with Global Navigation Satellite System (GNSS) signals in Europe.,News article,/news-events/news/eu-welcomes-un-aviation-agencys-condemnation-russia-undermining-global-aviation-safety-2025-10-03_en
2025-10-02 12:00:00+00:00,Commission proposes a targeted amendment of EU rules on road tolls and user charges to clarify and simplify certain provisions,"The Commission presented an amended proposal to make certain provisions of the eurovignette directive clearer, simpler and more precise.",News article,/news-events/news/commission-proposes-targeted-amendment-eu-rules-road-tolls-and-user-charges-clarify-and-simplify-2025-10-02_en
2025-10-02 12:00:00+00:00,Women in rail award 2025: winners announced ,"The 2025 edition of the women in rail award was held in Kraków, Poland, as part of the European rail safety days.",News article,/news-events/news/women-rail-award-2025-winners-announced-2025-10-02_en
2025-10-01 12:00:00+00:00,New call for proposals: mobile application for professional lorry drivers to rate points of interest,"The Commission calls for proposals to develop a mobile application where professional lorry drivers can rate their main points of interest on the road, from rest and parking facilities to areas for loading and unloading their cargo.",News article,/news-events/news/new-call-proposals-mobile-application-professional-lorry-drivers-rate-points-interest-2025-10-01_en
2025-10-01 12:00:00+00:00,"EU progress on cycling – greener, healthier, more inclusive mobility","The Commission adopted its first progress report on the European declaration on cycling, showing strong momentum across the EU to boost cycling infrastructure and policies. The report confirms cycling’s role as a clean, affordable and health-boosting way to travel.",News article,/news-events/news/eu-progress-cycling-greener-healthier-more-inclusive-mobility-2025-10-01_en
2025-09-29 12:00:00+00:00,"EU Urban Mobility Days to take place in Vilnius: three days of sharing innovation ideas, best practices, and sustainable mobility solutions","From 30 September to 2 October, EU Urban Mobility Days will take place in Vilnius.",News article,/news-events/news/eu-urban-mobility-days-take-place-vilnius-three-days-sharing-innovation-ideas-best-practices-and-2025-09-29_en
2025-09-25 12:00:00+00:00,EU and ICAO mark milestone in sustainable aviation fuels project,"A special ceremony was held during the 42nd ICAO Assembly, to mark the completion of three EU funded studies under the International Civil Aviation Organization’s capacity building and training programme for sustainable aviation fuels (ACT-SAF).",News article,/news-events/news/eu-and-icao-mark-milestone-sustainable-aviation-fuels-project-2025-09-25_en
2025-09-25 12:00:00+00:00,EU and Ukraine extend road transport agreement until 31 March 2027 ,The EU and Ukraine decided today to extend the validity of their current road transport agreement.,News article,/news-events/news/eu-and-ukraine-extend-road-transport-agreement-until-31-march-2027-2025-09-25_en
2025-09-24 12:00:00+00:00,Reducing cost of high-speed rail constructions,How can we reduce high-speed rail constructions costs along the nine corridors on the trans-European transport network?,News article,/news-events/news/reducing-cost-high-speed-rail-constructions-2025-09-24_en
2025-09-24 12:00:00+00:00,Solidarity Lanes: Latest figures – August 2025,Latest figures on Ukrainian exports and imports via the EU-Ukraine Solidarity Lanes: new transport routes established in the face of Russia’s war of aggression against Ukraine.,News article,/news-events/news/solidarity-lanes-latest-figures-august-2025-2025-09-24_en
2025-09-22 12:00:00+00:00,EU and ICAO strengthen cooperation ahead of the 42nd ICAO Assembly,"The EU and ICAO have reaffirmed their strong commitment to advancing global aviation safety, security and sustainability during the 9th EU-ICAO Joint Committee meeting, held on 22 September at ICAO Headquarters in Montréal.",News article,/news-events/news/eu-and-icao-strengthen-cooperation-ahead-42nd-icao-assembly-2025-09-22_en
2025-09-19 12:00:00+00:00,EU and Moldova extend road transport agreement,The agreement aims at helping Moldova access world markets by facilitating transit through EU countries and further developing its links with the EU market.,News article,/news-events/news/eu-and-moldova-extend-road-transport-agreement-2025-09-19_en
2025-09-17 12:00:00+00:00,Have your say on military mobility challenges,"To improve the movement of military troops, equipment and assets across the European Union and beyond, the Commission would like to hear your views on the military mobility package.",News article,/news-events/news/have-your-say-military-mobility-challenges-2025-09-17_en
2025-09-16 12:00:00+00:00,European Mobility Week 2025 promotes inclusive and sustainable mobility for everyone,"From 16 to 22 September, more than 2,500 towns and cities will celebrate European Mobility Week.",News article,/news-events/news/european-mobility-week-2025-promotes-inclusive-and-sustainable-mobility-everyone-2025-09-16_en
2025-09-16 12:00:00+00:00,EU Ministers commit to faster truck recharging deployment,"Commissioner for Transport and Tourism Apostolos Tzitzikostas presents the Clean Transport Corridor Initiative, which seeks to accelerate the deployment of heavy-duty vehicles recharging infrastructure across key freight corridors.",News article,/news-events/news/eu-ministers-commit-faster-truck-recharging-deployment-2025-09-16_en
2025-09-15 12:00:00+00:00,Commission launches new initiatives with industry to boost Europe's Automotive leadership,"President Ursula von der Leyen chaired the third Strategic Dialogue on the Future of the European Automotive Industry, bringing together the European automotive industry, social partners, and other stakeholders in Brussels.",News article,https://ec.europa.eu/commission/presscorner/detail/en/ip_25_2090
2025-09-15 12:00:00+00:00,New coordinators appointed to drive completion of Europe’s trans-European transport network,"Three European Coordinators have been designated to help complete the trans-European transport network (TEN-T), a vast infrastructure network of railways, roads, and inland waterways connecting the European Union.",News article,/news-events/news/new-coordinators-appointed-drive-completion-europes-trans-european-transport-network-2025-09-15_en
2025-09-10 12:00:00+00:00,Job vacancy (establishment of reserve list) within EU-RAIL for the position of System Pillar Programme Manager (CA FGIV),"The Europe's Rail Joint Undertaking (EU-RAIL) is establishing a reserve list for a post of System Pillar Programme Manager (Contract Agent, Grade FGIV)",News article,https://rail-research.europa.eu/about-europes-rail/jobs/
2025-09-09 12:00:00+00:00,Decarbonising aviation: European Commission supports development of sustainable aviation fuels in Africa,"In alignment with the EU Green Deal and the global commitment to achieving net zero emissions in international aviation by 2050, the Commission is fostering the global development and production of sustainable aviation fuels (SAFs) to decarbonise air transport.",News article,/news-events/news/decarbonising-aviation-european-commission-supports-development-sustainable-aviation-fuels-africa-2025-09-09_en
2025-09-05 12:00:00+00:00,New EU-funded railway line brings Ukraine even closer to EU,"Ukraine opened its first railway line based on the European Union standard for track width, marking a significant step in deepening the country’s transport integration with the EU.",News article,/news-events/news/new-eu-funded-railway-line-brings-ukraine-even-closer-eu-2025-09-05_en
2025-09-02 12:00:00+00:00,Commission announces shortlist for the 2026 European Capital & Green Pioneer of Smart Tourism Awards,The European Commission revealed the finalists for the 2026 European Capital and Green Pioneer of Smart Tourism competitions,News article,https://smart-tourism-capital.ec.europa.eu/press/news/european-commission-announces-shortlist-2026-european-capital-green-pioneer-smart-tourism-awards-2025-09-02_en
2025-09-01 12:00:00+00:00,Commission welcomes Code of Conduct for reliable online reviews for tourism accommodation,"Several stakeholders of the EU tourism ecosystem took an important step to ensure trustworthy and reliable online reviews and ratings of hotels and other types of tourism accommodation, by endorsing the ‘Code of Conduct for Online Ratings and Reviews for Tourism Accommodation’.",News article,/news-events/news/commission-welcomes-code-conduct-reliable-online-reviews-tourism-accommodation-2025-09-01_en
2025-08-27 12:00:00+00:00,Boosting tourism and tradition: new call for proposals to promote handicraft products and support craftsmen ,The European Commission is offering a special opportunity through a call for proposals aimed at supporting craftsmen across the EU.,News article,/news-events/news/boosting-tourism-and-tradition-new-call-proposals-promote-handicraft-products-and-support-craftsmen-2025-08-27_en
2025-08-20 12:00:00+00:00,Solidarity Lanes: Latest figures – July 2025,Latest figures on Ukrainian exports and imports via the EU-Ukraine Solidarity Lanes: new transport routes established in the face of Russia’s war of aggression against Ukraine.,News article,/news-events/news/solidarity-lanes-latest-figures-july-2025-2025-08-20_en
2025-08-19 12:00:00+00:00,Stronger and more unified  enforcement of EU rules in international road transport as smart tachograph retrofit phase concludes for heavy-duty vehicles,"As of today, all heavy-duty vehicles registered in the EU and operating in Member States other than their Member State of registration must be fitted with a smart tachograph (version 2). ",News article,/news-events/news/stronger-and-more-unified-enforcement-eu-rules-international-road-transport-smart-tachograph-2025-08-19_en
2025-08-13 12:00:00+00:00,Commission takes step to update air service rules,"The European Commission is inviting citizens, travellers and stakeholders to express their views via a public consultation on the revision of the Air Services Regulation – the framework governing access to the EU internal market for aviation, and operations within it.",News article,/news-events/news/commission-takes-step-update-air-service-rules-2025-08-13_en
2025-08-05 12:00:00+00:00,Commission seeks feedback on EU airport rules,"The European Commission has today launched a public consultation to assess the effectiveness of three pieces of EU legislation governing access to and the pricing of services at airports. Citizens, professionals and experts alike are invited to give feedback.",News article,/news-events/news/commission-seeks-feedback-eu-airport-rules-2025-08-05_en
2025-08-05 12:00:00+00:00,Vacancy notice: communication and ex-post audit officer,"The Europe's Rail Joint Undertaking (EU-RAIL), based in Brussels is establishing a reserve list for a post of communication and ex-post audit officer (temporary agent, grade AD5)",News article,https://aa293.referrals.selectminds.com/eu-rail/jobs/communication-and-ex-post-audit-officer-148
2025-08-04 12:00:00+00:00,Solidarity Lanes: Latest figures – June 2025,Latest figures on Ukrainian exports and imports via the EU-Ukraine Solidarity Lanes: new transport routes established in the face of Russia’s war of aggression against Ukraine.,News article,/news-events/news/solidarity-lanes-latest-figures-june-2025-2025-08-04_en
2025-07-31 12:00:00+00:00,"More online travel agencies commit to refund within 14 days for cancelled flights, following a dialogue with the Commission and consumer authorities","Following a dialogue with the European Commission and the Consumer Protection Cooperation Network of national consumer authorities, Expedia and Lastminute.com have committed to better inform consumers of their rights and ensure they receive ticket refunds within 14 days.",News article,https://european-union.europa.eu/more-online-travel-agencies-commit-refund-cancelled-flights-within-14-days-2025-07-31_en
2025-07-30 12:00:00+00:00,Commission publishes new guidance on sustainable rural mobility and ecotourism ,"Today the Commission publishes four new guidance documents, developed under the SMARTA-NET Project ‘Sustainable rural mobility in support of ecotourism’. ",News article,/news-events/news/commission-publishes-new-guidance-sustainable-rural-mobility-and-ecotourism-2025-07-30_en
2025-07-30 12:00:00+00:00,European Commission adopts 9th report on development of the rail market ,The ninth Rail Market Monitoring Report (RMMS) analyses developments in the EU rail market from 2018 to 2022. ,News article,/news-events/news/european-commission-adopts-9th-report-development-rail-market-2025-07-30_en
2025-07-29 12:00:00+00:00,Portugal signs concession and first tranche of financing for new Lisbon-Porto high-speed line,"Backed by €813 million from the Connecting Europe Facility, the Lisbon-Porto high speed railway will shorten travel time between the two cities from approximately 3 hours to 1 hour 15 minutes, once completed.",News article,https://ec.europa.eu/commission/presscorner/detail/en/ip_25_1931
2025-07-28 12:00:00+00:00,Commission launches call for evidence on revision to Rail Passenger Rights,The European Commission is requesting input from citizens and stakeholders on a planned targeted revision of the Rail Passenger Rights Regulation.,News article,/news-events/news/commission-launches-call-evidence-revision-rail-passenger-rights-2025-07-28_en
2025-07-23 12:00:00+00:00,Sustainable EU tourism: new communication toolkit available,Ready to make tourism in your destination more sustainable? The Sustainable EU Tourism initiative is here to support you.,News article,/news-events/news/sustainable-eu-tourism-new-communication-toolkit-available-2025-07-23_en
2025-07-17 12:00:00+00:00,July infringements package: key decisions,July infringements package: key decisions,News article,https://ec.europa.eu/commission/presscorner/detail/en/inf_25_1628
2025-07-17 12:00:00+00:00,Commissioner Tzitzikostas hosts dialogues on cutting transport emissions,"Commissioner for Sustainable Transport and Tourism, Apostolos Tzitzikostas, will host two dialogues to advance the decarbonisation of EU transport.",News article,/news-events/news/commissioner-tzitzikostas-hosts-dialogues-cutting-transport-emissions-2025-07-17_en
2025-07-11 12:00:00+00:00,The EU Flight Emissions Label takes a flight forward with first airlines committing to the scheme,The European Union Aviation Safety Agency (EASA) has signed an agreement with Air France-KLM to help the airlines prepare for joining the EU Flight Emissions Label (FEL).,News article,/news-events/news/eu-flight-emissions-label-takes-flight-forward-first-airlines-committing-scheme-2025-07-11_en
2025-07-09 12:00:00+00:00,Commission adopts milestones for the completion of Rail Baltica,"The European Commission has today adopted an implementing decision setting out key milestones and deadlines for the completion of Rail Baltica, a flagship cross-border railway infrastructure project that will significantly enhance connectivity within the European Union.",News article,/news-events/news/commission-adopts-milestones-completion-rail-baltica-2025-07-09_en
2025-07-09 12:00:00+00:00,Call for applications for the Commission expert group on the Human Dimension of the Single European Sky ,"To complement the current memberships of the Commission expert group on the Human Dimension of the Single European Sky, the Commission has launched a call for applications for new members.",News article,/news-events/news/call-applications-commission-expert-group-human-dimension-single-european-sky-2025-07-09_en
2025-07-08 12:00:00+00:00,Commission reviews progress toward a Single European Railway Area,"The Commission published a report assessing the implementation of the Single European Railway Area Directive, taking an initial position on how its provisions have influenced the development of the European rail sector to date.",News article,/news-events/news/commission-reviews-progress-toward-single-european-railway-area-2025-07-08_en
2025-07-03 12:00:00+00:00,EU invests €2.8 billion in 94 transport projects to boost sustainable and connected mobility across Europe,The Commission has selected 94 transport projects to receive nearly €2.8 billion in EU grants under the Connecting Europe Facility.,News article,/news-events/news/eu-invests-eu28-billion-94-transport-projects-boost-sustainable-and-connected-mobility-across-europe-2025-07-03_en
2025-07-01 12:00:00+00:00,The Commission sets course for the future of the EU Ports and Maritime Industry,The European Commission has started preparations for an EU Ports Strategy and EU Industrial Maritime Strategy and is inviting stakeholders to participate in the process.,News article,/news-events/news/commission-sets-course-future-eu-ports-and-maritime-industry-2025-07-01_en
2025-07-01 12:00:00+00:00,Commissioners Tzitzikostas and Kubilius to discuss necessary investments in EU military mobility and infrastructure,"Commissioners Apostolos Tzitzikostas and Andrius Kubilius participate in the extraordinary TEN-T Committee with Member States, aimed at speeding up the EU’s military mobility policy -a cornerstone of Europe's defence and security architecture.",News article,/news-events/news/commissioners-tzitzikostas-and-kubilius-discuss-necessary-investments-eu-military-mobility-and-2025-07-01_en
2025-06-27 12:00:00+00:00,Commission proposes toll exemptions to boost demand for zero-emission lorries and buses ,"As pledged in its Industrial Action Plan for the European automotive sector, the Commission is proposing to extend the period in which zero-emission heavy-duty vehicles (HDVs) can be exempted from tolls and user charges.",News article,/news-events/news/commission-proposes-toll-exemptions-boost-demand-zero-emission-lorries-and-buses-2025-06-27_en
2025-06-26 12:00:00+00:00,The Commission welcomes provisional agreement on modernising river information services in EU,The Commission welcomes the provisional political agreement to modernise traffic management on the EU’s rivers and canals.,News article,/news-events/news/commission-welcomes-provisional-agreement-modernising-river-information-services-eu-2025-06-26_en
2025-06-24 12:00:00+00:00,Solidarity Lanes: Latest figures – May 2025,Latest figures on Ukrainian exports and imports via the EU-Ukraine Solidarity Lanes: new transport routes established in the face of Russia’s war of aggression against Ukraine.,News article,/news-events/news/solidarity-lanes-latest-figures-may-2025-2025-06-24_en
2025-06-23 12:00:00+00:00,Have your say on the upcoming EU sustainable tourism strategy,"Starting today, citizens are invited to have their say in the Commission’s open public consultation and call for evidence.",News article,/news-events/news/have-your-say-upcoming-eu-sustainable-tourism-strategy-2025-06-23_en
2025-06-19 12:00:00+00:00,New communication assesses market readiness of heavy-duty road transport vehicles,A Commission Communication assesses whether zero emission heavy duty vehicles are entering the market as expected at the time of adopting AFIR and whether the mandatory infrastructure deployment targets for HDV for the year 2030 as stipulated under AFIR are in line with the expected vehicle uptake.,News article,/news-events/news/new-communication-assesses-market-readiness-heavy-duty-road-transport-vehicles-2025-06-19_en
2025-06-18 12:00:00+00:00,June infringements package: key decisions,June infringements package: key decisions,News article,https://ec.europa.eu/commission/presscorner/detail/en/inf_25_1241
2025-06-12 12:00:00+00:00,EU addressing military mobility challenges,"To improve the movement of military troops, equipment and assets across the European Union and beyond, the European Commission and the EU's High Representative, have started discussions with stakeholders to develop a Military Mobility Package.",News article,https://ec.europa.eu/commission/presscorner/detail/en/ip_25_1480
2025-06-12 12:00:00+00:00,Solidarity Lanes: EU and IOM enhance infrastructure at Ukrainian border crossing points,"Representatives from the European Commission, the International Organization for Migration (IOM) and Ukraine’s State Agency for Restoration and Infrastructure Development officially opened a lane for freight vehicles at Luzhanka border crossing point in Zakarpattia region.",News article,/news-events/news/solidarity-lanes-eu-and-iom-enhance-infrastructure-ukrainian-border-crossing-points-2025-06-12_en
2025-06-11 12:00:00+00:00,Solidarity Lanes: EU-funded scanner boosts throughput at Polish-Ukrainian border,A new EU-funded mobile cargo scanner inaugurated today will increase the capacity for transporting goods through the border crossing point in Krakovets-Korczowa at the Polish-Ukrainian border.,News article,/news-events/news/solidarity-lanes-eu-funded-scanner-boosts-throughput-polish-ukrainian-border-2025-06-11_en
2025-06-10 12:00:00+00:00,Deadline extended: Apply now for the Women in Rail Award 2025,"Individuals, companies and organisations can apply before 17 June 2025 (midnight CEST).",News article,/news-events/news/deadline-extended-apply-now-women-rail-award-2025-2025-06-10_en
2025-06-06 12:00:00+00:00,Recommendations to boost women’s participation in the EU transport sector,"In an effort to close the gender gap and address staff shortages within the EU transport sector, the Women in Transport – EU Platform for Change has unveiled a set of practical advice aimed at attracting and retaining women in the industry.",News article,/news-events/news/recommendations-boost-womens-participation-eu-transport-sector-2025-06-06_en
2025-06-03 12:00:00+00:00,"Commission updates EU Air Safety List, banning all air carriers certified in Tanzania and Suriname from operating in the EU","The Commission updated the EU Air Safety List, the list of airlines that are subject to an operating ban or operational restrictions within the European Union, because they do not meet international safety standards.",News article,/news-events/news/commission-updates-eu-air-safety-list-banning-all-air-carriers-certified-tanzania-and-suriname-2025-06-03_en
2025-05-28 12:00:00+00:00,Progress towards a green and digital tourism: Commission publishes stocktaking report ,The Commission has published its second report on the progress of actions set out in the Transition Pathway for Tourism – the first and most advanced of the transition pathways.,News article,/news-events/news/progress-towards-green-and-digital-tourism-commission-publishes-stocktaking-report-2025-05-28_en
2025-05-28 12:00:00+00:00,Solidarity Lanes: Latest figures – April 2025,Latest figures on Ukrainian exports and imports via the EU-Ukraine Solidarity Lanes: new transport routes established in the face of Russia’s war of aggression against Ukraine.,News article,/news-events/news/solidarity-lanes-latest-figures-april-2025-2025-05-28_en
2025-05-22 12:00:00+00:00,Deadline extended: Call for applications for the selection of experts for the new Performance Review Board of the Single European Sky,"The recently adopted Regulation (EU) 2024/2803 on the implementation of the Single European Sky establishes a new Performance Review Board comprising seven members, including a chair, for which applications are now open.",News article,/news-events/news/deadline-extended-call-applications-selection-experts-new-performance-review-board-single-european-2025-05-22_en
2025-05-22 12:00:00+00:00,"Recommendations for Member States to help tackle transport poverty and promote fair, sustainable mobility",The Commission adopted a recommendation which proposes several measures to tackle the complex challenges of transport poverty across the EU.,News article,/news-events/news/recommendations-member-states-help-tackle-transport-poverty-and-promote-fair-sustainable-mobility-2025-05-22_en
2025-05-20 12:00:00+00:00,The Commission welcomes provisional agreement on new European Maritime Safety Agency mandate,The Commission welcomes the provisional political agreement reached today between the Parliament and the Council to update the EMSA mandate.,News article,/news-events/news/commission-welcomes-provisional-agreement-new-european-maritime-safety-agency-mandate-2025-05-20_en
2025-05-16 12:00:00+00:00,Vacancy for Assistants (establishment of a reserve list) (Contract Agent– FGIII) at the Europe's Rail Joint Undertaking (EU-RAIL),The deadline for applications is 05 June 2025 12:00 (Central European Time/ Brussels time),News article,https://rail-research.europa.eu/about-europes-rail/jobs/
2025-05-15 12:00:00+00:00,Commission and EU rail sector launch Women in Rail Award 2025,Apply before 17 June 2025!,News article,/news-events/news/commission-and-eu-rail-sector-launch-women-rail-award-2025-2025-05-15_en
2025-05-13 12:00:00+00:00,Deadline extended: Call for expressions of interest – Board of Appeal (European Union Agency for Railways),The deadline to submit an expression of interest is extended to 30 May 2025.,News article,https://transport.ec.europa.eu/facts-funding/calls-tenders/call-expressions-interest-board-appeal-european-union-agency-railways_en
2025-05-12 12:00:00+00:00,Commission launches call for evidence on Air Services Regulation revision,The Commission has launched a call for evidence to gather input from stakeholders on the upcoming revision of the Air Services Regulation,News article,/news-events/news/commission-launches-call-evidence-air-services-regulation-revision-2025-05-12_en
2025-05-07 12:00:00+00:00,Promoting competitive and attractive rail services: Commission adopts Guidelines on setting up charges for the use of railway infrastructure ,The European Commission today adopted Interpretative Guidelines on the setting up of charges for the use of railway infrastructure (‘track access charges’).,News article,/news-events/news/promoting-competitive-and-attractive-rail-services-commission-adopts-guidelines-setting-charges-use-2025-05-07_en
2025-05-07 12:00:00+00:00,May infringements package: key decisions,May infringements package: key decisions,News article,https://ec.europa.eu/commission/presscorner/detail/en/inf_25_982
2025-04-24 12:00:00+00:00,Call for applications for the selection of experts for the new Performance Review Board of the Single European Sky,"The recently adopted Regulation on the implementation of the Single European Sky establishes a new Performance Review Board (PRB) comprising seven members, including a chair, for which applications are now open.",News article,https://transport.ec.europa.eu/news-events/news/deadline-extended-call-applications-selection-experts-new-performance-review-board-single-european-2025-05-22_en
2025-04-24 12:00:00+00:00,"Updated rules for safer roads, less air pollution and digital vehicle documents","For better road safety and air quality across the EU, the Commission is proposing a comprehensive overhaul of the EU’s road safety and vehicle registration rules.",News article,/news-events/news/updated-rules-safer-roads-less-air-pollution-and-digital-vehicle-documents-2025-04-24_en
2025-04-24 12:00:00+00:00,Solidarity Lanes: Latest figures – March 2025,Latest figures on Ukrainian exports and imports via the EU-Ukraine Solidarity Lanes: new transport routes established in the face of Russia’s war of aggression against Ukraine.,News article,/news-events/news/solidarity-lanes-latest-figures-march-2025-2025-04-24_en
2025-03-11 12:00:00+00:00,Europe for Aviation Joins Forces at Airspace World 2025,Joining forces to make Europe the most efficient and environmentally friendly sky to fly in the world!,News article,https://transport.ec.europa.eu/news-events/events/europe-aviation-joins-forces-airspace-world-2025-2025-05-13_en
2025-03-05 12:00:00+00:00,Commission adopts decision on Schiphol Airport noise reduction plan,"Today, the Commission adopted a decision regarding measures to be introduced by the Netherlands at Schiphol Airport to reduce the aircraft noise burden on residents.",News article,/news-events/news/commission-adopts-decision-schiphol-airport-noise-reduction-plan-2025-03-05_en
2025-03-05 12:00:00+00:00,Commission boosts European automotive industry's global competitiveness,"The European automotive sector is at critical turning point, challenged by rapid technological changes and increasing competition. To address the changes ahead, President von der Leyen in January launched a Strategic Dialogue on the Future of the European Automotive Industry.",News article,https://ec.europa.eu/commission/presscorner/detail/en/ip_25_635
2025-03-04 12:00:00+00:00,European Capital of Smart Tourism and European Green Pioneer of Smart Tourism 2026: applications open tomorrow,Tourism destinations across Europe are invited to submit their innovative practices of smart and sustainable tourism to become leading examples in European tourism.,News article,/news-events/news/european-capital-smart-tourism-and-european-green-pioneer-smart-tourism-2026-applications-open-2025-03-04_en
2025-03-03 12:00:00+00:00,Commission welcomes ICAO agreement on new aircraft standards for fuel efficiency and noise levels driving sustainability in aviation,"The Commission welcomes the landmark decision at the ICAOs Committee for Aviation Environmental Protection (CAEP), agreeing on a comprehensive set of new standards for fuel efficiency and noise levels for new aircraft applicable as of 2029.",News article,/news-events/news/commission-welcomes-icao-agreement-new-aircraft-standards-fuel-efficiency-and-noise-levels-driving-2025-03-03_en
2025-02-28 12:00:00+00:00,Commission brings clarity on ReFuelEU Aviation implementation,The Commission published a report assessing developments in the EU sustainable aviation fuels (SAF) market and evaluating possible improvements to the SAF flexibility mechanism.,News article,/news-events/news/commission-brings-clarity-refueleu-aviation-implementation-2025-02-28_en
2025-02-21 12:00:00+00:00,Commissioner Tzitzikostas hosts Strategic Dialogue roundtable with European automotive leaders,Commissioner Tzitzikostas hosts Strategic Dialogue roundtable with European automotive leaders,News article,/news-events/news/commissioner-tzitzikostas-hosts-strategic-dialogue-roundtable-european-automotive-leaders-2025-02-21_en
2025-02-19 12:00:00+00:00,Solidarity Lanes: Latest figures – January 2025,Latest figures on Ukrainian exports and imports via the EU-Ukraine Solidarity Lanes: new transport routes established in the face of Russia’s war of aggression against Ukraine.,News article,/news-events/news/solidarity-lanes-latest-figures-january-2025-2025-02-19_en
2025-02-19 12:00:00+00:00,New proposal to strengthen the EU Mandatory Ship Reporting Systems,The Commission has adopted a crucial measure to enhance maritime safety and environmental protection within EU waters.,News article,/news-events/news/new-proposal-strengthen-eu-mandatory-ship-reporting-systems-2025-02-19_en
2025-02-18 12:00:00+00:00,European Commission champions global road safety at the Global Ministerial Conference in Morocco,"As a global advocate for safer roads, the European Commission is committed to driving evidence-based policymaking and supporting initiatives that reduce road casualties worldwide.",News article,/news-events/news/european-commission-champions-global-road-safety-global-ministerial-conference-morocco-2025-02-18_en
2025-02-17 12:00:00+00:00,Expert Group on Urban Mobility presents work to advance sustainable urban mobility,"The Commission’s Expert Group on Urban Mobility (EGUM) has successfully fulfilled the objectives outlined in its Work Programme 2023-2024 by delivering the last set of insightful reports, including recommendations and feedback to policy on a wide range of topics.",News article,/news-events/news/expert-group-urban-mobility-presents-work-advance-sustainable-urban-mobility-2025-02-17_en
2025-02-12 12:00:00+00:00,February infringements package: key decisions,February infringements package: key decisions,News article,https://ec.europa.eu/commission/presscorner/detail/en/inf_25_242
2025-02-06 12:00:00+00:00,"EU mobilises €422 million to support the deployment of alternative fuels infrastructure in road, maritime and air transport",The Commission has selected 39 new projects deploying alternative fuels infrastructure that will receive over €422 million in EU support.,News article,/news-events/news/eu-mobilises-eu422-million-support-deployment-alternative-fuels-infrastructure-road-maritime-and-air-2025-02-06_en
2025-02-04 12:00:00+00:00,European Maritime Transport Environmental Report 2025 highlights progress made in sustainable maritime transport but challenges still persist,"Today, the second edition of the European Maritime Transport Environmental Report was released, providing a comprehensive overview of the environmental impact of Europe's maritime sector within the EU, as well as an assessment of practices to make it more sustainable.",News article,/news-events/news/european-maritime-transport-environmental-report-2025-highlights-progress-made-sustainable-maritime-2025-02-04_en
2025-02-03 12:00:00+00:00,Product Environmental Footprint (PEF) for hotel accommodation services: Stakeholders invited to comment on new draft rules,"To support EU hotels to measure and communicate about their sustainability, stakeholders are invited to participate in a consultation to establish new rules for assessing the environmental impact of hotel accommodation services – the Product Environmental Footprint Category Rules (PEFCR).",News article,/news-events/news/product-environmental-footprint-pef-hotel-accommodation-services-stakeholders-invited-comment-new-2025-02-03_en
2025-01-31 12:00:00+00:00,Aviation: Updated conflict zone advisories for the Middle East region,"The Commission and EASA, along with Member States, are closely monitoring the situation in the Middle East to assess the evolving threats and risks, and their impact on civil aviation.",News article,/news-events/news/aviation-updated-conflict-zone-advisories-middle-east-region-2025-01-31_en
2025-01-22 12:00:00+00:00,CEF Transport: €9.5 billion requested for infrastructure projects on the trans-European transport network,CINEA received 258 applications requesting over €9.5 billion in co-funding from the Connecting Europe Facility (CEF) Transport by the call deadline of 21 January 2025. It is nearly four times more than the €2.5 billion budget available for the 2024 CEF Transport calls for proposals.,News article,https://cinea.ec.europa.eu/news-events/news/cef-transport-eu95-billion-requested-infrastructure-projects-trans-european-transport-network-2025-01-22_en
2025-01-21 12:00:00+00:00,Solidarity Lanes: Latest figures – December 2024,Latest figures on Ukrainian exports and imports via the EU-Ukraine Solidarity Lanes: new transport routes established in the face of Russia’s war of aggression against Ukraine.,News article,/news-events/news/solidarity-lanes-latest-figures-december-2024-2025-01-21_en
2025-01-17 12:00:00+00:00,Road transport: EU and Ukraine sign decision to extend smart tachograph to Ukrainian hauliers ,"On 17 January 2025, the EU and Ukraine agreed on the recognition of smart tachographs for the enforcement of the EU-Ukraine Road Transport Agreement. ",News article,/news-events/news/road-transport-eu-and-ukraine-sign-decision-extend-smart-tachograph-ukrainian-hauliers-2025-01-17_en
2025-01-15 12:00:00+00:00,"With EU support, Ukrainian Railways opens modernised train inspection point on the border with Poland",Ukrzaliznytsia has completed a project to double the capacity of a train inspection point at the Polish-Ukrainian border. This project has been implemented with the parallel funding of the Connecting Europe Facility and the European Investment Bank.,News article,https://www.eeas.europa.eu/delegations/ukraine/eu-support-ukrzaliznytsia-opens-modernised-train-inspection-point-border-poland-mostyska-ii-station_en
2025-01-14 12:00:00+00:00,European Aviation Environmental Report 2025 provides key recommendations for a more sustainable future in aviation,"The European Aviation Environmental Report offers recommendations on reducing aviation's impact on climate change, noise and air quality.",News article,/news-events/news/european-aviation-environmental-report-2025-provides-key-recommendations-more-sustainable-future-2025-01-14_en
2025-01-10 12:00:00+00:00,New EU rules aiming to decarbonise the maritime sector take effect,"More renewable and low-carbon fuels will help reduce carbon emissions and air pollution from the EU maritime sector, following the entry into force of the FuelEU Maritime Regulation as of 1 January 2025.",News article,/news-events/news/new-eu-rules-aiming-decarbonise-maritime-sector-take-effect-2025-01-10_en
2025-01-09 12:00:00+00:00,Towards Paperless Freight Transport: EU takes a step forward with eFTI Regulation implementation,"Member States can now begin setting up their IT systems in preparation for paperless freight transport, as the first eFTI Regulation implementing and delegated acts entered into force.",News article,/news-events/news/towards-paperless-freight-transport-eu-takes-step-forward-efti-regulation-implementation-2025-01-09_en
2025-01-09 12:00:00+00:00,EU Aviation Safety Agency updates safety guidance on Russian Airspace,The European Union Aviation Safety Agency (EASA) has updated its Conflict Zone Information Bulletin for the airspace of the Russian Federation.,News article,/news-events/news/eu-aviation-safety-agency-updates-safety-guidance-russian-airspace-2025-01-09_en
2024-12-19 12:00:00+00:00,"Investments in climate adaptation should be an integral part of the trans-European transport network, study shows",A new study that shows how all transport modes on the TEN-T network will be exposed to significantly more climate extremes in the future.,News article,/news-events/news/investments-climate-adaptation-should-be-integral-part-trans-european-transport-network-study-shows-2024-12-19_en
2024-12-18 12:00:00+00:00,EU introduces Flight Emissions Label for more informed and sustainable travelling,"The Commission adopted a Regulation putting in place a Flight Emissions Label (FEL), which offers a clear and trustworthy methodology for calculating flight emissions.",News article,/news-events/news/eu-introduces-flight-emissions-label-more-informed-and-sustainable-travelling-2024-12-18_en
2024-12-18 12:00:00+00:00,Solidarity Lanes: Latest figures – November 2024,Latest figures on Ukrainian exports and imports via the EU-Ukraine Solidarity Lanes: new transport routes established in the face of Russia’s war of aggression against Ukraine.,News article,/news-events/news/solidarity-lanes-latest-figures-november-2024-2024-12-18_en
2024-12-17 12:00:00+00:00,New study published on Greening of European sea ports,New study published on Greening of European sea ports,News article,/news-events/news/new-study-published-greening-european-sea-ports-2024-12-17_en
2024-12-17 12:00:00+00:00,December infringements package: key decisions,December infringements package: key decisions,News article,https://ec.europa.eu/commission/presscorner/detail/en/inf_24_6006
2024-12-16 12:00:00+00:00,New rules for better cross-border enforcement of traffic laws,The Commission welcomes the European Parliament and Council's final adoption of the Directive to strengthen cross-border enforcement of road traffic rules.,News article,/news-events/news/new-rules-better-cross-border-enforcement-traffic-laws-2024-12-16_en
2024-12-16 12:00:00+00:00,Transforming cross-border traffic in Central Europe with ITS,"Intelligent Transport Systems (ITS) are designed to monitor, evaluate, and manage transportation networks to improve safety and efficiency.",News article,https://cinea.ec.europa.eu/featured-projects/transforming-cross-border-traffic-central-europe-its_en
2024-12-13 12:00:00+00:00,Commission updates EU Air Safety List and adds Air Tanzania to the airlines banned within the European Union,"The Commission updated the EU Air Safety List, the list of airlines that are subject to an operating ban or operational restrictions within the European Union, because they do not meet international safety standards.",News article,/news-events/news/commission-updates-eu-air-safety-list-and-adds-air-tanzania-airlines-banned-within-european-union-2024-12-13_en
2024-12-12 12:00:00+00:00,Commission welcomes the updated European ATM Master Plan,"The Commission welcomes the updated European air traffic management (ATM) Master Plan, adopted at the Governing Board meeting of the SESAR 3 Joint Undertaking.",News article,/news-events/news/commission-welcomes-updated-european-atm-master-plan-2024-12-12_en
2024-12-02 12:00:00+00:00,"Single European Sky Regulation enters into force, aiming for a more efficient and sustainable airspace ","The new Single European Sky (SES2+) Regulation entered into force, in a step forward towards a more efficient, and more sustainable European airspace.",News article,/news-events/news/single-european-sky-regulation-enters-force-aiming-more-efficient-and-sustainable-airspace-2024-12-02_en
2024-11-20 12:00:00+00:00,Coordinated Romania-Moldova border controls to facilitate EU-Ukraine Solidarity Lanes transit,"A Memorandum of Understanding on coordinated border checks at the Galați-Giurgiulești crossing between Romania and Moldova was signed today, paving the way for a faster transit of goods along the EU-Ukraine Solidarity Lanes.",News article,/news-events/news/coordinated-romania-moldova-border-controls-facilitate-eu-ukraine-solidarity-lanes-transit-2024-11-20_en
2024-11-20 12:00:00+00:00,Solidarity Lanes: Latest figures – October 2024,Latest figures on Ukrainian exports and imports via the EU-Ukraine Solidarity Lanes: new transport routes established in the face of Russia’s war of aggression against Ukraine.,News article,/news-events/news/solidarity-lanes-latest-figures-october-2024-2024-11-20_en
2024-11-14 12:00:00+00:00,2024 Excellence in Road Safety Awards: European Commission rewards top road safety initiatives ,"The Commission announced the winners of the 2024 Excellence in Road Safety Awards, organised by the European Road Safety Charter.",News article,/news-events/news/2024-excellence-road-safety-awards-european-commission-rewards-top-road-safety-initiatives-2024-11-14_en
2024-11-14 12:00:00+00:00,November infringements package: key decisions,November infringements package: key decisions,News article,https://ec.europa.eu/commission/presscorner/detail/en/inf_24_5223
2024-11-11 12:00:00+00:00,"EU and Philippines team up to boost seafarers’ training, certification and labor conditions ","The EU and the Government of the Philippines have launched a Technical Assistance Project to improve seafarers' training, education and working conditions in the Philippines.",News article,/news-events/news/eu-and-philippines-team-boost-seafarers-training-certification-and-labor-conditions-2024-11-11_en
2024-10-17 12:00:00+00:00,Solidarity Lanes: Latest figures – September 2024,Latest figures on Ukrainian exports and imports via the EU-Ukraine Solidarity Lanes: new transport routes established in the face of Russia’s war of aggression against Ukraine.,News article,/news-events/news/solidarity-lanes-latest-figures-september-2024-2024-10-17_en
2024-10-10 12:00:00+00:00,"20,400 lives lost in EU road crashes last year","In 2023, 20,400 people lost their lives in road crashes across the EU, marking a 1% decrease from the previous year, with 46 road deaths per million inhabitants.",News article,/news-events/news/20400-lives-lost-eu-road-crashes-last-year-2024-10-10_en
2024-10-03 12:00:00+00:00,October infringements package: key decisions,"In its regular package of infringement decisions, the European Commission pursues legal action against Member States for failing to comply with their obligations under EU law.",News article,https://ec.europa.eu/commission/presscorner/detail/en/inf_24_4561
2024-10-02 12:00:00+00:00,"Single European Sky: annual monitoring highlights persistent capacity shortages and failure to meet environmental targets in 2023, as traffic recovers",The Performance Review Body (PRB) has published the 2023 Annual Monitoring Report and Traffic Light System - part of its yearly review of how Single European Sky (SES) Member States are performing.,News article,/news-events/news/single-european-sky-annual-monitoring-highlights-persistent-capacity-shortages-and-failure-meet-2024-10-02_en
2024-09-25 12:00:00+00:00,Women in Rail 2024 Award to boost female talent for a sustainable and competitive rail industry,The Commission together with Europe’s Rail Joint Undertaking and the EU Agency for Railways celebrated the Women in Rail 2024 Award.,News article,/news-events/news/women-rail-2024-award-boost-female-talent-sustainable-and-competitive-rail-industry-2024-09-25_en
2024-09-25 12:00:00+00:00,Commission seeks feedback on the Flight Emissions Label,The Commission has launched a public consultation on the draft proposal establishing the EU Flight Emissions Label.,News article,/news-events/news/commission-seeks-feedback-flight-emissions-label-2024-09-25_en
2024-09-24 12:00:00+00:00,CEF Transport: €2.5 billion to boost resilience and safety across the EU transport network,"The 2024 CEF for Transport call for proposals makes €2.5 billion available for projects that will modernise transport infrastructure on the EU’s TEN-T network, and in Ukraine and Moldova.",News article,/news-events/news/cef-transport-eu25-billion-boost-resilience-and-safety-across-eu-transport-network-2024-09-24_en
2024-09-23 12:00:00+00:00,"Rail market opening: competition leads to lower ticket prices, EU study finds",A study released by the European Commission highlights the user benefits of competition in both passenger rail and rail freight services.,News article,/news-events/news/rail-market-opening-competition-leads-lower-ticket-prices-eu-study-finds-2024-09-23_en
2024-09-20 12:00:00+00:00,Solidarity Lanes: Latest figures – August 2024,Latest figures on Ukrainian exports and imports via the EU-Ukraine Solidarity Lanes: new transport routes established in the face of Russia’s war of aggression against Ukraine.,News article,/news-events/news/solidarity-lanes-latest-figures-august-2024-2024-09-20_en
2024-09-16 12:00:00+00:00,European Mobility Week kicks off to promote shared public spaces for sustainable urban mobility and improved quality of life,"The European Mobility Week, an annual event promoting sustainable urban mobility with over 2,500 cities and towns participating in a week-long festival from 16 to 22 September.",News article,/news-events/news/european-mobility-week-kicks-promote-shared-public-spaces-sustainable-urban-mobility-and-improved-2024-09-16_en
2024-09-09 12:00:00+00:00,TEN-T Corridor Coordinators,"Nine European Coordinators have been designated today to help complete the trans-European transport network (TEN-T), a vast infrastructure network of railways, roads, and inland waterways connecting the European Union.",News article,/news-events/news/ten-t-corridor-coordinators-2024-09-09_en
2024-08-29 12:00:00+00:00,"Sustainable Transport Forum - new sub-groups on hydrogen infrastructure, zero-emission heavy-duty vehicles and public key infrastructure for e-mobility","In the wake of the adoption of the new Alternative Fuels Infrastructure Regulation (AFIR), the European Commission has set up three new sub-groups under the Sustainable Transport Forum (STF) expert group.",News article,/news-events/news/sustainable-transport-forum-new-sub-groups-hydrogen-infrastructure-zero-emission-heavy-duty-vehicles-2024-08-29_en
2024-08-14 12:00:00+00:00,Solidarity Lanes: Latest figures – July 2024,Latest figures on Ukrainian exports and imports via the EU-Ukraine Solidarity Lanes: new transport routes established in the face of Russia’s war of aggression against Ukraine.,News article,/news-events/news/solidarity-lanes-latest-figures-july-2024-2024-08-14_en
2024-07-31 12:00:00+00:00,Commission enforces temporary restrictions on liquid screening at certain EU airports,The Commission will temporarily enforce restrictions on liquid screening at EU airports utilising Explosive Detection Systems for Cabin Baggage (EDSCB).,News article,/news-events/news/commission-enforces-temporary-restrictions-liquid-screening-certain-eu-airports-2024-07-31_en
2024-07-29 12:00:00+00:00,European Commission launches Ship Financing Portal to boost the maritime sector's green transition,"The Ship Financing Portal, designed to improve access to financing for the shipping sector and the wider maritime industry, is now online!",News article,/news-events/news/european-commission-launches-ship-financing-portal-boost-maritime-sectors-green-transition-2024-07-29_en
2024-07-25 12:00:00+00:00, July infringement package: key decisions,July infringement package: key decisions,News article,https://ec.europa.eu/commission/presscorner/detail/en/inf_24_3228
2024-07-23 12:00:00+00:00,FuelEU Maritime Regulation: Q&A on implementation ,"As the maritime sector prepares for the FuelEU Maritime Regulation, a new Commission document answers key questions on its implementation.",News article,/news-events/news/fueleu-maritime-regulation-qa-implementation-2024-07-23_en
2024-07-22 12:00:00+00:00,Solidarity Lanes: Latest figures – June 2024,Latest figures on Ukrainian exports and imports via the EU-Ukraine Solidarity Lanes: new transport routes established in the face of Russia’s war of aggression against Ukraine.,News article,/news-events/news/solidarity-lanes-latest-figures-june-2024-2024-07-22_en
2024-07-17 12:00:00+00:00,"EU invests record €7 billion in sustainable, safe and smart transport infrastructure","The Commission has selected 134 projects to receive over €7 billion in EU grants from the Connecting Europe Facility (CEF), the EU's programme for investment in transport infrastructure.",News article,/news-events/news/eu-invests-record-eu7-billion-sustainable-safe-and-smart-transport-infrastructure-2024-07-17_en
2024-07-02 12:00:00+00:00,Solidarity Lanes: Latest figures – May 2024,Latest figures on Ukrainian exports and imports via the EU-Ukraine Solidarity Lanes: new transport routes established in the face of Russia’s war of aggression against Ukraine.,News article,/news-events/news/solidarity-lanes-latest-figures-may-2024-2024-07-02_en
2024-06-27 12:00:00+00:00,New EU Transport Report: Current trends and issues ,"The European Commission has released an overview of the latest developments in the EU transport sector, highlighting trends and issues for both the EU and individual Member States.",News article,/news-events/news/new-eu-transport-report-current-trends-and-issues-2024-06-27_en
2024-06-27 12:00:00+00:00,"EU and ICAO strengthen commitment to global aviation safety, security, and sustainability","The EU and the ICAO have reaffirmed their commitment to enhancing global aviation safety, security, and sustainability during a meeting at ICAO Headquarters in Montreal on 26 June.",News article,/news-events/news/eu-and-icao-strengthen-commitment-global-aviation-safety-security-and-sustainability-2024-06-27_en
2024-06-25 12:00:00+00:00,EU-Ukraine Solidarity Lanes: EU-funded scanners increase capacity at Hungarian-Ukrainian border,"A new EU-funded mobile cargo scanner was delivered today to the border crossing point in Chop at the Hungarian-Ukrainian border, in a bid to improve the flow of trade across Ukraine’s borders. Valued at approximately €2.5 million, the donation is part of the EU-Ukraine Solidarity Lanes.",News article,/news-events/news/eu-ukraine-solidarity-lanes-eu-funded-scanners-increase-capacity-hungarian-ukrainian-border-2024-06-25_en
2024-06-25 12:00:00+00:00,Urban public transport – New set of recommendations adopted by the Expert Group on Urban Mobility (EGUM),"The Commission’s Expert Group on Urban Mobility (EGUM) has adopted recommendations on complementing public transport with shared mobility, and on using the Social Climate Fund to support public transport.",News article,/news-events/news/urban-public-transport-new-set-recommendations-adopted-expert-group-urban-mobility-egum-2024-06-25_en
2024-06-20 12:00:00+00:00,Europeans are generally positive towards e-mobility ,A large survey by the European Alternative Fuels Observatory (EAFO) in twelve EU Member States shows a positive attitude towards switching to battery-electric cars.,News article,/news-events/news/europeans-are-generally-positive-towards-e-mobility-2024-06-20_en
2024-06-20 12:00:00+00:00,EU and Ukraine update and extend Road Transport Agreement,"The EU and Ukraine decided today to prolong and update their current road transport Agreement. Implemented due to lost transport routes and export markets east of Ukraine caused by the Russian aggression, the agreement supports the EU-Ukraine Solidarity Lanes.",News article,/news-events/news/eu-and-ukraine-update-and-extend-road-transport-agreement-2024-06-20_en
2024-06-13 12:00:00+00:00,A sustainable and resilient transport network bringing Europe closer together,The Commission welcomes the final adoption of the Regulation underpinning the trans-European transport network (TEN-T) by the European Parliament and the Council.,News article,/news-events/news/sustainable-and-resilient-transport-network-bringing-europe-closer-together-2024-06-13_en
2024-06-10 12:00:00+00:00, European Union signs aviation agreement with the People's Republic of Bangladesh,The European Union and Bangladesh have signed a Horizontal Aviation Agreement,News article,https://ec.europa.eu/commission/presscorner/detail/en/IP_24_3143
2024-05-23 12:00:00+00:00, May infringements package: key decisions,May infringements package: key decisions,News article,https://ec.europa.eu/commission/presscorner/detail/en/inf_24_2422
2024-05-22 12:00:00+00:00,"Two years of Solidarity Lanes have brought the EU, Ukraine and Moldova closer together  ","Two years ago, in May 2022, the Commission, in collaboration with Ukraine and Moldova, created the Solidarity Lanes to help improve the EU–Ukraine–Moldova transport routes in response to Russia’s illegal full-scale invasion of Ukraine.",News article,/news-events/news/two-years-solidarity-lanes-have-brought-eu-ukraine-and-moldova-closer-together-2024-05-22_en
2024-05-17 12:00:00+00:00,Solidarity Lanes: improving the Danube routes together,"Representatives of Moldova, Romania, Ukraine, the United States  and the European Commission gathered today in Chisinau, continuing their work together to improve trade routes through the Solidarity Lanes along the Danube corridor.",News article,/news-events/news/solidarity-lanes-improving-danube-routes-together-2024-05-17_en
2024-05-16 12:00:00+00:00,Solidarity Lanes: Latest figures – April 2024,Latest figures on Ukrainian exports and imports via the EU-Ukraine Solidarity Lanes: new transport routes established in the face of Russia’s war of aggression against Ukraine.,News article,/news-events/news/solidarity-lanes-latest-figures-april-2024-2024-05-16_en
2024-05-16 12:00:00+00:00,EU supports improved Ukrainian–Moldovan border crossing cooperation as part of Solidarity Lanes,"Today the European Commission, together with Ukraine, Moldova, Romania and the US are inaugurating the renewed Ukrainian-Moldovan border crossing point in Reni, Ukraine, as part of the Solidarity Lanes initiative.",News article,/news-events/news/eu-supports-improved-ukrainian-moldovan-border-crossing-cooperation-part-solidarity-lanes-2024-05-16_en
2024-05-14 12:00:00+00:00,Commission adopts reasoned opinion in case brought by Italy against Austria on road transport,The Commission today adopted a reasoned opinion in a procedure brought by Italy against Austria under Article 259 of the Treaty on the Functioning of the European Union.,News article,https://ec.europa.eu/commission/presscorner/detail/en/mex_24_2601
2024-04-30 12:00:00+00:00,Excellence in Road Safety Awards 2024: applications now open,"Today, the European Road Safety Charter, the largest civil platform dedicated to road safety and led by the European Commission, opened applications for the 2024 Excellence in Road Safety Awards.",News article,/news-events/news/excellence-road-safety-awards-2024-applications-now-open-2024-04-30_en
2024-04-24 12:00:00+00:00,April infringement package: key decisions,April infringement package: key decisions,News article,https://ec.europa.eu/commission/presscorner/detail/en/inf_24_1941
2024-04-22 12:00:00+00:00,Urban Vehicle Access Regulations (UVARs) – recommendations by the Expert Group on Urban Mobility ,The Expert Group on Urban Mobility (EGUM) has adopted its recommendations on Urban Vehicle Access Regulations .,News article,/news-events/news/urban-vehicle-access-regulations-uvars-recommendations-expert-group-urban-mobility-2024-04-22_en
2024-04-17 12:00:00+00:00,Commission and EU rail sector launch Women in Rail Award 2024,"The award, divided into three categories, aims to promote fairness, diversity, and equality, and to celebrate outstanding and inspiring women and their achievements in the rail sector.",News article,/news-events/news/commission-and-eu-rail-sector-launch-women-rail-award-2024-2024-04-17_en
2024-04-16 12:00:00+00:00,Solidarity Lanes: Latest figures – March 2024,"In the face of Russia’s war of aggression against Ukraine, the EU, together with Ukraine and Moldova launched the EU-Ukraine Solidarity Lanes in May 2022, establishing new transport routes to keep Ukraine’s imports and exports flowing via rail, road and inland waterways.",News article,/news-events/news/solidarity-lanes-latest-figures-march-2024-2024-04-16_en
2024-04-12 12:00:00+00:00,Alternative Fuels Infrastructure Regulation: Q&A on operating recharging infrastructure,"The Alternative Fuels Infrastructure Regulation (AFIR), comes into force on 13 April 2024, supporting the transition towards more sustainable transport by setting obligatory targets for the rollout of recharging and refuelling transport infrastructure.",News article,/news-events/news/alternative-fuels-infrastructure-regulation-qa-operating-recharging-infrastructure-2024-04-12_en
2024-03-21 12:00:00+00:00,Solidarity Lanes: Latest figures – February 2024,"In the face of Russia’s war of aggression against Ukraine, the EU, together with Ukraine and Moldova launched the EU-Ukraine Solidarity Lanes in May 2022, establishing new transport routes to keep Ukraine’s imports and exports flowing via rail, road and inland waterways.",News article,/news-events/news/solidarity-lanes-latest-figures-february-2024-2024-03-21_en
2024-03-15 12:00:00+00:00,Budapest and online platform Nudgd recognised for green mobility activities in the European urban mobility awards,"Budapest was awarded the European Mobility Week Award in a ceremony in Brussels last night, while online platform Nudgd won the Mobility Action award.",News article,/news-events/news/budapest-and-online-platform-nudgd-recognised-green-mobility-activities-european-urban-mobility-2024-03-15_en
2024-03-13 12:00:00+00:00,March infringements package: key decisions,March infringements package: key decisions,News article,https://ec.europa.eu/commission/presscorner/detail/en/inf_24_663
2024-03-13 12:00:00+00:00,Provisional agreement on better cross-border enforcement of road safety traffic rules,The Commission welcomes the political agreement reached last night between the European Parliament and the Council on facilitating the enforcement of road traffic rules across borders.,News article,https://ec.europa.eu/commission/presscorner/detail/en/IP_24_1401
2024-03-08 12:00:00+00:00,Save the date for the next edition of the EU Women in Rail Awards!,"This April, the European Commission, together with Europe’s Rail, the European Union Agency for Railways, CER, UNIFE and ALE will launch the next edition of the EU Women in Rail Awards.",News article,/news-events/news/save-date-next-edition-eu-women-rail-awards-2024-03-08_en
2024-03-08 12:00:00+00:00,2023 figures show stalling progress in reducing road fatalities in too many countries ,"Road safety in the EU 2023: Around 20 400 people were killed in road crashes last year, a small 2% decrease on 2022.",News article,/news-events/news/2023-figures-show-stalling-progress-reducing-road-fatalities-too-many-countries-2024-03-08_en
2024-03-05 12:00:00+00:00,Commission proposes to prolong road transport agreements with Ukraine and Moldova and introduces updates to the agreement with Ukraine,"The proposals, sent to the Council today, include updates to the agreement with Ukraine to improve its practical implementation and enforcement while maintaining its objectives and scope.",News article,https://ec.europa.eu/commission/presscorner/detail/en/ip_24_1305
2024-02-29 12:00:00+00:00,Commission makes €1bn available for recharging and refuelling points under the Connecting Europe Facility (CEF) ,The Commission is launching a call for proposals under the Connecting Europe Facility – Alternative Fuels Infrastructure Facility (AFIF),News article,/news-events/news/commission-makes-eu1bn-available-recharging-and-refuelling-points-under-connecting-europe-facility-2024-02-29_en
2024-02-28 12:00:00+00:00,Public workshop: adoption of new ITS Working Programme 2024-2028,On 19 March 2024 the European Commission will organise a stakeholder workshop via videoconference to discuss the new Working Programme of the ITS Directive for the period 2024-2028.,News article,https://transport.ec.europa.eu/news-events/events/public-workshop-adoption-new-its-working-programme-2024-2028-2024-03-19_en
2024-02-27 12:00:00+00:00,Recording available: Academic conference on future of EU mobility and transport,"On 21 February 2024, the European Commission organised an all-day academic conference on the state of play on EU transport policy and the challenges and priorities for the future of EU transport and mobility. In case you missed it, you can still watch the recording!",News article,/news-events/news/recording-available-academic-conference-future-eu-mobility-and-transport-2024-02-27_en
2024-02-27 12:00:00+00:00, Commission welcomes provisional agreement modernising ship inspections and oversight,"The Commission welcomes the political agreement reached between the European Parliament and the Council on updating the requirements for the Port State Control of vessels calling at EU ports, and on the flag State requirements for merchant vessels registered in EU Member States.",News article,https://ec.europa.eu/commission/presscorner/detail/en/IP_24_1182
2024-02-21 12:00:00+00:00,Extraordinary G7 Transport Ministerial welcomes EU maritime operation to safeguard Red Sea maritime security ,G7 Transport Ministers expressed strong condemnation of the attacks carried out by the Houthis against commercial vessels and navy ships in the Red Sea and Gulf of Aden.,News article,/news-events/news/extraordinary-g7-transport-ministerial-welcomes-eu-maritime-operation-safeguard-red-sea-maritime-2024-02-21_en
2024-02-16 12:00:00+00:00,Commission welcomes provisional agreement on tackling ship-source pollution to help make European seas cleaner,The Commission welcomes the political agreement between the European Parliament and the Council on the amendment of Directive 2005/35/EC on ship-source pollution and on the introduction of penalties for pollution offences.,News article,/news-events/news/commission-welcomes-provisional-agreement-tackling-ship-source-pollution-help-make-european-seas-2024-02-16_en
2024-02-15 12:00:00+00:00,Commission welcomes provisional agreement modernising maritime accident investigations,"The Commission welcomes the political agreement reached today between the European Parliament and the Council on the investigation of maritime accidents, modernising a 2009 Directive.",News article,https://ec.europa.eu/commission/presscorner/detail/en/ip_24_727
2024-02-12 12:00:00+00:00,Focus on urban public transport – first set of recommendations adopted by the Expert Group on Urban Mobility (EGUM),"During its last plenary meeting on 16 January the Commission Expert Group on Urban Mobility (EGUM) adopted its first set of recommendations to the European Commission, primarily influenced by the recent work of the EGUM members on public transport and shared mobility.",News article,/news-events/news/focus-urban-public-transport-first-set-recommendations-adopted-expert-group-urban-mobility-egum-2024-02-12_en
2024-02-06 12:00:00+00:00,EU and Moldova launch high-level dialogue on transport  ,"In a bid to strengthen cooperation in the transport field, Commissioner Adina Vălean and Moldova’s Minister for Infrastructure and Regional Development Andrei Spînu today launched the EU-Moldova high-level dialogue on transport.",News article,https://ec.europa.eu/commission/presscorner/detail/en/mex_24_674
2024-01-29 12:00:00+00:00,Commission proposes to modernise river information services in EU,The Commission adopted a proposal to improve traffic management on the EU’s rivers and canals.,News article,/news-events/news/commission-proposes-modernise-river-information-services-eu-2024-01-29_en
2024-01-29 12:00:00+00:00,Global Gateway: €10 billion commitment to invest in Trans Caspian Transport Corridor connecting Europe and Central Asia announced at Investors Forum,Executive Vice President Valdis Dombrovskis announced that European and international financial institutions present at the Forum will commit €10 billion in support and investments towards sustainable transport connectivity in Central Asia.,News article,https://ec.europa.eu/commission/presscorner/detail/en/ip_24_501
2024-01-25 12:00:00+00:00,New report comparing air traffic management performance in Europe and the United States published,"In the ongoing series of comparative reports between Europe and the US, the most recent update looks at operational as well as economic air traffic management (ATM) performance.",News article,/news-events/news/new-report-comparing-air-traffic-management-performance-europe-and-united-states-published-2024-01-25_en
2024-01-25 12:00:00+00:00,"STF: Call for applications for new sub-groups on hydrogen infrastructure, zero-emission heavy-duty vehicles and e-mobility Public Key Infrastructure",Sustainable Transport Forum – new calls for applications,News article,/news-events/news/stf-call-applications-new-sub-groups-hydrogen-infrastructure-zero-emission-heavy-duty-vehicles-and-e-2024-01-25_en
2024-01-24 12:00:00+00:00,Commission supports military mobility projects with €807 million,The Commission will fund 38 additional military mobility projects to support the transport of troops and equipment along the trans-European transport network (TEN-T).,News article,/news-events/news/commission-supports-military-mobility-projects-eu807-million-2024-01-24_en
2024-01-23 12:00:00+00:00,New deadline for the call for applications for the selection of members of the Digital Transport and Logistics Forum (DTLF),Deadline for the call for applications for the selection of members of the Digital Transport and Logistics Forum (DTLF) extended.,News article,/news-events/news/new-deadline-call-applications-selection-members-digital-transport-and-logistics-forum-dtlf-2024-01-23_en
2024-01-22 12:00:00+00:00,Save the date: Global TBO Symposium (4-6 June 2024),Towards global trajectory-based operations (TBO),News article,https://transport.ec.europa.eu/news-events/events/global-tbo-symposium-2024-06-04_en
2024-01-19 12:00:00+00:00,European Commission workshop addresses key challenges in seafaring profession,"Decarbonisation, digitalisation, social security and wellbeing at sea were the key topics on the agenda of the workshop for the seafaring profession on 17 January.",News article,/news-events/news/european-commission-workshop-addresses-key-challenges-seafaring-profession-2024-01-19_en
2024-01-16 12:00:00+00:00, “Europe for Aviation” teams up for Airspace World 2024,"The “Europe for Aviation” partners, consisting of nine European aviation organisations working to promote the modernisation, sustainability, and resilience of a safe European aviation, will come together at Airspace World, from 19-21 March 2024 in Geneva, Switzerland.",News article,/news-events/news/europe-aviation-teams-airspace-world-2024-2024-01-16_en
